{"cameraMode":{"drawMode":0,"name":"Shaded","section":"Shading Mode"},"sceneLighting":false,"audioPlay":false,"sceneViewState":{"showFog":true,"showMaterialUpdate":false,"showSkybox":false,"showFlares":true,"showImageEffects":true,"showParticleSystems":true},"in2DMode":false,"pivot":{"x":-42.20000076293945,"y":3.9900002479553224,"z":-0.09999990463256836},"rotation":{"x":0.062373943626880649,"y":0.9234539270401001,"z":-0.3381372392177582,"w":0.17037977278232575},"size":13.244704246520996,"orthographic":false}