{"cameraMode":{"drawMode":0,"name":"Shaded","section":"Shading Mode"},"sceneLighting":false,"audioPlay":false,"sceneViewState":{"showFog":true,"showMaterialUpdate":false,"showSkybox":false,"showFlares":true,"showImageEffects":true,"showParticleSystems":true},"in2DMode":false,"pivot":{"x":-69.0999984741211,"y":56.150001525878909,"z":138.28985595703126},"rotation":{"x":-0.13464727997779847,"y":0.24728506803512574,"z":-0.03471957519650459,"w":-0.9589336514472961},"size":11.121307373046875,"orthographic":false}