{"cameraMode":{"drawMode":0,"name":"Shaded","section":"Shading Mode"},"sceneLighting":false,"audioPlay":false,"sceneViewState":{"showFog":true,"showMaterialUpdate":false,"showSkybox":false,"showFlares":true,"showImageEffects":true,"showParticleSystems":true},"in2DMode":false,"pivot":{"x":-69.10574340820313,"y":55.85761642456055,"z":136.55999755859376},"rotation":{"x":-0.12348847836256027,"y":0.43651869893074038,"z":-0.06062161177396774,"w":-0.889137864112854},"size":1.7145905494689942,"orthographic":false}